Objects;Names
obj1_g.png';beanbag
'obj4_g.png';jacket
'obj5_g.png';keys
'obj6_g.png';washing machine
'obj7_g.png';armchair
'obj8_g.png';radio
'obj10_g.png';string bag
'obj11_g.png';backpack
'obj12_g.png';outlet cover
'obj15_g.png';Balaclava
'obj17_g.png';scissor
'obj18_g.png';spatula
'obj19_g.png';hammer
'obj20_g.png';hinge
'obj21_g.png';stamp
'obj22_g.png';guitar
'obj23_g.png';gift
'obj24_g.png';clamp
'obj26_g.png';dice
'obj28_g.png';toothbrush
'obj29_g.png';folder
'obj30_g.png';book
'obj33_g.png';paddle ball
'obj34_g.png';xylophone
'obj35_g.png';strainer
'obj38_g.png';parcel
'obj44_g.png';napkin
'obj45_g.png';lifesaver
'obj47_g.png';binder
'obj49_g.png';mitten
'obj50_g.png';bookshelf
'obj52_g.png';toolbox
'obj53_g.png';candle set
'obj54_g.png';canoe
'obj55_g.png';fitness ball
'obj56_g.png';dress
'obj57_g.png';flashlight
'obj60_g.png';wrench
'obj61_g.png';ship lamp
'obj62_g.png';glass decoration
'obj63_g.png';sewing machine
'obj64_g.png';computer key
'obj65_g.png';toy robot
'obj67_g.png';zipper
'obj68_g.png';whistle
'obj74_g.png';hazard sticker
'obj75_g.png';Game Boy
'obj77_g.png';air conditioner
'obj78_g.png';plastik racket
'obj79_g.png';hand carry bag
'obj80_g.png';thread
'obj81_g.png';oar 
'obj83_g.png';shampoo bottle
'obj84_g.png';harness
'obj85_g.png';watch
'obj86_g.png';kettlebell
'obj88_g.png';television
'obj90_g.png';carabiner
'obj91_g.png';rompers
'obj92_g.png';massage brush
'obj93_g.png';mixer
'obj95_g.png';tyre
'obj97_g.png';doorknocker
'obj98_g.png';watering can
'obj100_g.png';shuttlecock
'obj101_g.png';notebook
'obj102_g.png';lipstick
'obj104_g.png';staple remover
'obj105_g.png';heel pad
'obj106_g.png';shopping basket
'obj108_g.png';Knight's helmet 
'obj109_g.png';hockey stick
'obj110_g.png';set square
'obj111_g.png';sponge
'obj113_g.png';hairbrush
'obj114_g.png';baby plate
'obj117_g.png';slipper
'obj119_g.png';pen
'obj120_g.png';flowerpot
'obj121_g.png';double decker
'obj124_g.png';clothes peg
'obj125_g.png';hole punch
'obj126_g.png';bowler hat
'obj129_g.png';band-aid
'obj130_g.png';leash
'obj131_g.png';crib
'obj132_g.png';bolt cutters
'obj134_g.png';Rubik's Cube
'obj135_g.png';dumpster
'obj138_g.png';ice cube tray
'obj141_g.png';carpet knife
'obj142_g.png';hairdryer
'obj146_g.png';Y-shape socket wrench
'obj147_g.png';T-shirt
'obj148_g.png';breadbox
'obj149_g.png';chess piece
'obj155_g.png';hand mirror
'obj156_g.png';poker chips
'obj159_g.png';meat tenderizer
'obj160_g.png';tent
'obj162_g.png';eye shadow
'obj164_g.png';laptop sleeve
'obj165_g.png';balloon dog
'obj171_g.png';jump rope
'obj174_g.png';paper bag
'obj175_g.png';clock
'obj176_g.png';wreath
'obj177_g.png';bib
'obj178_g.png';mannequin
'obj179_g.png';lettering stencil
'obj180_g.png';safety helmet
'obj181_g.png';swimsuit
'obj182_g.png';bath towel
'obj184_g.png';oven glove
'obj185_g.png';necklace
'obj186_g.png';plastik stool
'obj188_g.png';birdhouse
'obj189_g.png';lighter
'obj190_g.png';foam tile
'obj191_g.png';sand rake
'obj192_g.png';crayon
'obj195_g.png';tongs
'obj196_g.png';skirt
'obj197_g.png';shaker box
'obj201_g.png';paint sprayer
'obj203_g.png';blower
'obj208_g.png';ear wash bulb
'obj209_g.png';wastebasket
'obj210_g.png';highlighter
'obj211_g.png';hammock
'obj212_g.png';mobile toilet
'obj213_g.png';pyramid
'obj215_g.png';rolling pin
'obj216_g.png';carriage 
'obj217_g.png';jar
'obj219_g.png';pocketknife
'obj221_g.png';life jacket
'obj224_g.png';dresser
'obj225_g.png';scrabble tile
'obj226_g.png';phone case
'obj227_g.png';micro test tube
'obj228_g.png';microphone
'obj229_g.png';room divider 
'obj231_g.png';egg cup
'obj232_g.png';camera
'obj233_g.png';gas heater
'obj235_g.png';flower necklace
'obj236_g.png';shorts
'obj240_g.png';shovel
'obj241_g.png';mask
'obj242_g.png';harmonica
'obj244_g.png';belt
'obj246_g.png';mascara
'obj253_g.png';name badge holder
'obj254_g.png';ironing board
'obj257_g.png';walkie talkie
'obj258_g.png';wig
'obj259_g.png';ribbon
'obj260_g.png';blender
'obj261_g.png';sunglasses
'obj262_g.png';bucket
'obj263_g.png';seashell
'obj265_g.png';turban
'obj268_g.png';water jug
'obj270_g.png';air walker
'obj271_g.png';hot-water bottle
'obj272_g.png';safety can
'obj273_g.png';cushion 
'obj275_g.png';contact lens case
'obj277_g.png';thumbtack
'obj281_g.png';telephone
'obj285_g.png';duct tape
'obj286_g.png';plastik crate
'obj288_g.png';horseshoe
'obj289_g.png';pincushion
'obj290_g.png';tweezers
'obj291_g.png';paper honeycomb ball 
'obj293_g.png';teapot
'obj297_g.png';scraper
'obj298_g.png';eraser
'obj299_g.png';bundt cake pan
'obj300_g.png';tupperware
'obj304_g.png';mouse
'obj305_g.png';pencil case
'obj306_g.png';heart decoration
'obj310_g.png';paintbrush
'obj311_g.png';lectern
'obj315_g.png';cheer pom pom
'obj317_g.png';garlic press
'obj320_g.png';power divider
'obj321_g.png';well bucket
'obj323_g.png';candle mould
'obj324_g.png';landing net
'obj327_g.png';bike chain
'obj329_g.png';motorcycle
'obj330_g.png';casserole 
'obj334_g.png';glue gun
'obj335_g.png';high heels
'obj336_g.png';cutting board
'obj337_g.png';duster
'obj340_g.png';candleholder
'obj341_g.png';squirt gun
'obj343_g.png';bottle
'obj348_g.png';curtain
'obj349_g.png';chair
'obj350_g.png';organiser
'obj351_g.png';puck
'obj352_g.png';ice cream cup
'obj353_g.png';drill
'obj355_g.png';door
'obj356_g.png';stone
'obj358_g.png';basketball
'obj359_g.png';antique car 
'obj360_g.png';origami
'obj362_g.png';wash mitt
'obj363_g.png';button
'obj365_g.png';ring
'obj366_g.png';exit light ball
'obj367_g.png';Picnic bench
'obj368_g.png';gavel
'obj370_g.png';glove
'obj372_g.png';construction site warning light
'obj374_g.png';flamingo statue
'obj375_g.png';CD case
'obj376_g.png';stroller
'obj380_g.png';rubber bands
'obj381_g.png';hand trainer
'obj383_g.png';toothbrush stand
'obj384_g.png';ribbon
'obj386_g.png';feather
'obj388_g.png';typewriter
'obj389_g.png';toy helicopter
'obj390_g.png';candle
'obj391_g.png';socks
'obj392_g.png';steel barrel
'obj393_g.png';wireless phone
'obj394_g.png';snare drum
'obj396_g.png';comb
'obj397_g.png';yo-yo
'obj399_g.png';barbed wire
'obj400_g.png';recorder
'obj401_g.png';boots
'obj404_g.png';washer agitator
'obj407_g.png';scouring ball
'obj408_g.png';vase
'obj411_g.png';pinwheel
'obj412_g.png';pan
'obj413_g.png';lego
'obj414_g.png';umbrella
'obj415_g.png';wooden tray
'obj417_g.png';nail polish
'obj419_g.png';wicker jug
'obj420_g.png';jack
'obj421_g.png';cassette
'obj422_g.png';wooden spoon
'obj427_g.png';flask
'obj428_g.png';first-aid kit
'obj429_g.png';binocular case
'obj430_g.png';plate
'obj431_g.png';sharp disposal container
'obj436_g.png';cough syrup
'obj439_g.png';cuddly toy
'obj440_g.png';weight plates
'obj441_g.png';neck pillow
'obj450_g.png';handle bottle
'obj452_g.png';suitcase
'obj458_g.png';cat figurine
'obj462_g.png';soap dispenser
'obj469_g.png';surfboard
'obj471_g.png';tissue box
'obj479_g.png';dustpan
'obj482_g.png';toilet brush
'obj484_g.png';stapler
'obj487_g.png';pitcher
'obj489_g.png';brush
'obj490_g.png';envelope
'obj491_g.png';exerciser
'obj492_g.png';bikini top
'obj494_g.png';metal jack piece
'obj495_g.png';chainring diameter gauge
'obj496_g.png';dart
'obj497_g.png';hair side comb
'obj498_g.png';triangles
'obj501_g.png';wall box
'obj502_g.png';beanbag
'obj503_g.png';invoice pad
'obj505_g.png';coffee table
'obj506_g.png';pacifier 
'obj507_g.png';toy octopus
'obj508_g.png';violin
'obj511_g.png';carpet paddle
'obj517_g.png';hot-air ballon
'obj521_g.png';lightbulb
'obj522_g.png';ice cream scoop
'obj523_g.png';candle extinguisher
'obj524_g.png';Christmas tree ball
'obj528_g.png';drawing mannequin
'obj529_g.png';projector
'obj530_g.png';table bell
'obj532_g.png';safety goggles
'obj533_g.png';helmet
'obj536_g.png';grab handle
'obj542_g.png';bedpan
'obj543_g.png';dreidel
'obj544_g.png';socket
'obj545_g.png';shutter
'obj547_g.png';squeegee
'obj548_g.png';bow
'obj549_g.png';potholder
'obj550_g.png';light switch
'obj551_g.png';hygienic mask
'obj552_g.png';doorhandle
'obj553_g.png';ladle
'obj554_g.png';wallet
'obj556_g.png';pom-pom
'obj557_g.png';rope
'obj559_g.png';bathrobe
'obj560_g.png';scarf
'obj561_g.png';sleeping bag
'obj562_g.png';apron
'obj563_g.png';sleeping mask
'obj564_g.png';cd-player
'obj565_g.png';earplug
'obj570_g.png';tie
'obj571_g.png';piggy bank
'obj572_g.png';speaker
'obj574_g.png';wheelbarrow
'obj577_g.png';anvil
'obj578_g.png';bathmat
'obj580_g.png';bowtie
'obj581_g.png';brooch
'obj583_g.png';can opener
'obj584_g.png';cap
'obj586_g.png';mousepad
'obj587_g.png';pulley
'obj588_g.png';rim